Label100,Label106,Label107,Label108,Label109,Label11,Label110,Label111,Label112,Label12,Label13,Label14,Label15,Label17,Label18,Label19,Label2,Label20,Label22,Label23,Label27,Label3,Label37,Label4,Label42,Label43,Label49,Label5,Label50,Label51,Label52,Label53,Label55,Label57,Label58,Label59,Label6,Label62,Label63,Label64,Label65,Label67,Label68,Label69,Label70,Label71,Label72,Label73,Label74,Label75,Label76,Label77,Label78,Label79,Label80,Label81,Label86,Label87,Label89,Label9,Label92,Label93,Label94,Label95,Label96,Label97,Label98,Label99,Language
*vs Yesterday,Overview,Emergency Requests,Emergency Request Status,Exposed Contact Details,vs Yesterday,Total Self-Reported,Emergency Response Overview,Visit Details,This Week,vs Last Week,Request Status,Exposed Contacts Status,Emergency Requests Overview,Total Requests,Requests by Type,Patients,Total Patients,Total Exposed Contacts,Patient Details,Testing Status,Self-Reported Individuals,Self-Reported Individual Details,Exposed Contacts,Intake Details,Emergency Request Details,Public Health Analytics,Requests,Intake,Patients by Condition,Testing Status,Monitored at Home,Patient Count Over Time,Average Days,Minimum Days,Maximum Days,By State and City,Details,Demographics,Patients by State,Patients by City,Patients by Age,Patients by Gender,Asymptomatic Patients,Symptomatic Patients,Tested Positive,Contacts Traced,Total Intake,Enrolled as Patient,Flow of Intake Source to Current Status,Intake Over Time,Days in New Status,Exposed Contacts by Patient,Intake by State,Intake by City,of Total Intake,Show More,Show Less,Visitor and Visit Trends,Today,Total Visits Trend,Visits by Status,Visits by State,Visits by City,Visits,Total Visits,Completed Visits,Total Visitors,en_US
*较昨日,概览,紧急请求,紧急请求状态,接触人详细信息,与昨天,自行报告总数,紧急响应概览,就诊详细信息,本星期,与上周,请求状态,公开的联系人状态,紧急请求概览,请求总计,按类型的请求,患者,患者总计,接触人总计,患者详细信息,检测状态,自行报告的个人,自行报告的个人详细信息,公开的联系人,收治详细信息,紧急请求详细信息,公共卫生分析,请求,收治,按病情的患者,检测状态,居家监测,实时患者人数,平均天数,最少天数,最多天数,按州/省和城市,详细信息,人口统计数据,按州/省的患者,按城市的患者,按年龄的患者,按性别的患者,无症状患者,有症状患者,测试阳性,接触人跟踪,收治总计,转为患者,收治来源到当前状态的流,实时收治,新状态天数,按患者的接触人,按州/省的收治,按城市的收治,收治总计,显示更多,显示更少,就诊人和就诊趋势,今天,就诊趋势总计,按状态的就诊,按州/省的就诊,按城市的就诊,就诊,就诊总计,完成就诊,就诊人总计,zh_CN
*對比昨天,概觀,緊急要求,緊急要求狀態,接觸者詳細資料,對比昨天,自行舉報者總數,緊急應變概觀,造訪詳細資料,本週,對比上週,要求狀態,接觸者狀態,緊急要求概觀,總要求,要求 (按類型),病患,病患總數,接觸者總數,病患詳細資料,測試狀態,自行舉報的個人,自行舉報的個人詳細資料,接觸者,入院詳細資料,緊急要求詳細資料,Public Health Analytics,要求,入院,病患數 (按病情),測試狀態,在家監控,隨著時間的推移病患計數,平均天數,最少天數,最多天數,按州/省和城市,詳細資料,人口統計,病患數 (按州/省),病患數 (按城市),病患數 (按年齡),病患數 (按性別),無症狀病患,有症狀病患,測試陽性,已追蹤的連絡人,總入院數,註冊為病患,入院來源到目前狀態的流程,隨著時間推移的入院數,新狀態天數,接觸者數 (按病患),入院數 (按州/省),入院數 (按城市),總入院數,顯示較多,顯示較少,訪客和造訪趨勢,今天,總造訪數趨勢,造訪數 (按狀態),造訪數 (按州/省),造訪數 (按城市),造訪數,總造訪數,完成的造訪數,總訪客數,zh_TW
*i forhold til i går,Oversigt,Nødhjælpsanmodninger,Status for nødhjælpsanmodning,Detaljer om eksponeret kontakt,i forhold til i går,Selvrapporterede i alt,Oversigt over beredskabsplan,Besøgsoplysninger,Denne uge,i forhold til sidste uge,Anmodningsstatus,Status for eksponerede kontakter,Oversigt over nødhjælpsanmodninger,Anmodninger i alt,Anmodninger efter type,Patienter,Patienter i alt,Eksponerede kontakter i alt,Patientdetaljer,Teststatus,Selvrapporterede personer,Detaljer om selvrapporterede personer,Eksponerede kontakter,Registreringsdetaljer,Detaljer om nødhjælpsanmodning,Folkesundhedsanalyse,Anmodninger,Registrering,Patienter efter sygdom,Teststatus,Overvåget hjemme,Patientantal over tid,Gennemsnitligt antal dage,Minimalt antal dage,Maksimalt antal dage,Efter stat og by,Detaljer,Demografi,Patienter efter stat,Patienter efter by,Patienter efter alder,Patienter efter køn,Patienter uden symptomer,Patienter med symptomer,Testet positiv,Sporede kontakter,Registreringer i alt,Tilmeldt som patient,Forløb af registreringskilde til aktuel status,Registrering over tid,Dage med ny status,Eksponerede kontakter efter patient,Registrering efter stat,Registrering efter by,af registreringer i alt,Vis mere,Vis mindre,Besøgende og besøgstendenser,I dag,Tendens for besøg i alt,Besøg efter status,Besøg efter stat,Besøg efter by,Besøg,Besøg i alt,Fuldførte besøg,Besøgende i alt,da
*t.o.v. gisteren,Overzicht,Noodverzoeken,Status van noodverzoeken,Details van blootgestelde contacten,t.o.v. gisteren,Totaal zelfgerapporteerd,Overzicht noodmaatregelen,Details van bezoek,Deze week,t.o.v. vorige week,Verzoekstatus,Status van blootgestelde contacten,Overzicht noodverzoeken,Totaal verzoeken,Verzoeken op type,Patiënten,Totaal patiënten,Totaal blootgestelde contacten,Details van patiënt,Teststatus,Zelfgerapporteerde individuen,Details van zelfgerapporteerd individu,Blootgestelde contacten,Details van intake,Details van noodverzoek,Analytics Volksgezondheid,Verzoeken,Intake,Patiënten op aandoening,Teststatus,Thuis bewaakt,Telling van patiënten na verloop van tijd,Gemiddelde aantal dagen,Minimumaantal dagen,Maximumaantal dagen,Per staat en stad,Details,Demografische gegevens,Patiënten op staat,Patiënten op stad,Patiënten op leeftijd,Patiënten op geslacht,Asymptomatische patiënten,Symptomatische patiënten,Positief getest,Contacten getraceerd,Totaal intake,Ingeschreven als patiënt,Stroom van intake Bron tot huidige status,Intake na verloop van tijd,Dagen in nieuwe status,Blootgestelde contacten op patiënt,Intake op staat,Intake op stad,van totale intake,Meer tonen,Minder tonen,Trends van bezoekers en bezoeken,Vandaag,Trend van totale bezoeken,Bezoeken op status,Bezoeken op staat,Bezoeken op stad,Bezoeken,Totaal bezoeken,Voltooide bezoeken,Totaal bezoekers,nl_NL
*verrattuna eiliseen,Yleiskatsaus,Hätäpyynnöt,Hätäpyyntöjen tilat,Altistuneiden henkilöiden tiedot,vs eilen,Itse ilmoittautuneet henkilöt yhteensä,Hätäpyyntöjen yleiskatsaus,Käynnin tiedot,Tämä viikko,vs viime viikko,Pyynnön tila,Altistuneiden yhteyshenkilöiden tila,Hätäpyyntöjen yleiskatsaus,Pyyntöjä yhteensä,Pyynnöt tyypin mukaan,Potilaat,Potilaita yhteensä,Altistuneita yhteyshenkilöitä yhteensä,Potilaan lisätiedot,Testauksen tila,Itse ilmoittautuneet henkilöt,Itse ilmoittautuneen yksityishenkilön lisätiedot,Altistuneet yhteyshenkilöt,Tietojenkeruun lisätiedot,Hätäpyynnön lisätiedot,Public Health Analytics,Pyynnöt,Tietojenkeruu,Potilaat sairauden mukaan,Testauksen tila,Valvottu kotona,Potilaiden määrä ajanjaksolta,Päivien keskiarvoinen määrä,Päiviä vähintään,Päiviä enintään,Osavaltion ja kaupungin mukaan,Lisätiedot,Demografiat,Potilaat tilan mukan,Potilaat kaupungin mukaan,Potilaat iän mukaan,Potilaat sukupuolen mukaan,Oireettomat potilaat,Oireelliset potilaat,Testattu positiiviseksi,Paikannetut yhteyshenkilöt,Tietojenkeruu yhteensä,Rekisteröity potilaana,Tietojenkeruun lähteen kulku nykyiseen tilaan,Tietojenkeruu ajanjaksolta,Päiviä uudessa tilassa,Altistuneet yhteyshenkilöt potilaan mukaan,Tietojenkeruu osavaltion mukaan,Tietojenkeruu kaupungin mukaan,tietojenkeruusta yhteensä,Näytä enemmän,Näytä vähemmän,Vierailijoiden ja vierailujen trendit,Tänään,Vierailujen kokonaismäärän trendi,Vierailut tilan mukaan,Vierailut osavaltion mukaan,Vierailut kaupungin mukaan,Vierailut,Vierailuja yhteensä,Suoritetut vierailut,Vierailijoita yhteensä,fi
*par rapport à hier,Vue d'ensemble,Demandes d'urgence,Statut de la demande d'urgence,Détails du contact exposé,par rapport à hier,Nombre total d'auto-signalements,Vue d'ensemble des réponses d'urgence,Détails de la visite,Semaine en cours,par rapport à la semaine dernière,Statut de la demande,Statut des contacts exposés,Vue d'ensemble des demandes d'urgence,Nombre total de demandes,Demandes par type,Patients,Nombre total de patients,Nombre total de contacts exposés,Détails du patient,Statut de test,Individus auto-signalés,Détails des individus auto-signalés,Contacts exposés,Détails de la collecte de données,Détails des demandes d'urgence,Analytiques de santé publique,Demandes,Collecte de données,Patients par condition,Statut de test,Surveillé à son domicile,Décompte des patients au fil du temps,Nombre de jours moyen,Nombre de jours minimum,Nombre de jours maximum,Par département/province et ville,Détails,Données démographiques,Patients par département/province,Patients par ville,Patients par âge,Patients par sexe,Patients asymptomatiques,Patients symptomatiques,Testés positifs,Contacts suivis,Total de la collecte de données,Inscrits en tant que patient,Flux de sources de collecte de données vers le statut actuel,Collecte de données au fil du temps,Jours sous le nouveau statut,Contacts exposés par patient,Collecte de données par département/province,Collecte de données par ville,sur le total de la collecte de données,Afficher plus,Afficher moins,Tendances des visiteurs et des visites,Aujourd'hui,Tendance des visites totales,Visites par statut,Visites par département/province,Visites par ville,Visites,Nombre total de visites,Visites réalisées,Nombre total de visiteurs,fr
* im Vergleich zu gestern,Übersicht,Notfallanforderungen,Notfallanforderungsstatus,Details zu exponiertem Kontakt,im Vergleich zu gestern,"Gesamte Personen, die sich selbst gemeldet haben",Notfallanforderungsübersicht,Besuchsdetails,Diese Woche,im Vergleich zur letzten Woche,Anforderungsstatus,Status der gefährdeten Kontakte,Übersicht über Notfallanforderungen,Anforderungen insgesamt,Anforderungen nach Typ,Patienten,Patienten insgesamt,Exponierte Kontakte insgesamt,Patientendetails,Teststatus,"Einzelpersonen, die sich selbst gemeldet haben","Details zu Personen, die sich selbst gemeldet haben",Gefährdete Kontakte,Aufnahmedetails,Details zur Notfallanforderung,Analyse im öffentlichen Gesundheitswesen,Anträge,Aufnahme,Patienten nach Erkrankung,Teststatus,Zu Hause überwacht,Patientenzahl im Laufe der Zeit,Durchschnittliche Tage,Mindestanzahl der Tage,Maximum an Tagen,Nach Bundesland und Stadt,Details,Demografische Daten,Patienten nach Status,Patienten nach Stadt,Patienten nach Alter,Patienten nach Geschlecht,Asymptomatische Patienten,Symptomatische Patienten,Positiv getestet,Nachverfolgte Kontakte,Aufnahme insgesamt,Als Patient registriert,Flow von Aufnahmequelle bis zum aktuellen Status,Aufnahme im Laufe der Zeit,Tage im neuen Status,Exponierte Kontakte nach Patient,Aufnahme nach Status,Aufnahme nach Stadt,der Gesamtaufnahme,Mehr anzeigen,Weniger anzeigen,Besucher- und Besuchstrends,Heute,Trend bei Gesamtbesuchen,Besuche nach Status,Besuche nach Bundesland,Besuche nach Stadt,Besuche,Besuche insgesamt,Abgeschlossene Besuche,Besucher insgesamt,de
rispetto a ieri,Panoramica,Richieste di emergenza,Stato richiesta di emergenza,Dettagli contatto esposto,rispetto a ieri,Auto-segnalate totali,Panoramica sulla risposta alle emergenze,Dettagli visita,Questa settimana,rispetto a settimana scorsa,Stato richiesta,Stato dei contatti esposti,Panoramica sulle richieste di emergenza,Richieste totali,Richieste per tipo,Pazienti,Pazienti totali,Contatti esposti totali,Dettagli paziente,Stato del test,Persone auto-segnalate,Dettagli persone auto-segnalate,Contatti esposti,Dettagli accettazione,Dettagli richiesta di emergenza,Analytics sulla salute pubblica,Richieste,Accettazione,Pazienti per patologia,Stato del test,Monitorato a casa,Conteggio pazienti nel tempo,Giorni in media,Num. minimo giorni,Num. massimo giorni,Per stato/provincia e città,Dettagli,Dati demografici,Pazienti per stato/provincia,Pazienti per città,Pazienti per età,Pazienti per sesso,Pazienti asintomatici,Pazienti sintomatici,Positivi al test,Contatti tracciati,Accettazione totale,Iscritto come paziente,Flusso dell'origine accettazione allo stato corrente,Accettazione nel tempo,Giorni nel nuovo stato,Contatti esposti per paziente,Accettazione per stato/provincia,Accettazione per città,dell'accettazione totale,Mostra di più,Mostra di meno,Tendenze visitatori e visite,Oggi,Tendenza visite totali,Visite per stato,Visite per stato/provincia,Visite per città,Visite,Visite totali,Visite completate,Visitatori totali,it
*前日比,概要,緊急の要求,緊急要求の状況,濃厚接触者の詳細,前日比,自己報告者総数,緊急対応の概要,訪問の詳細,今週,前週比,要求の状況,公開連絡先状況,緊急要求概要,総要求数,種別別要求数,患者,総患者数,公開連絡先数合計,患者の詳細,検査実施状況,自己申告の個人,自己申告の個人の詳細,公開連絡先,受入の詳細,緊急の要求の詳細,公共ヘルス分析,要求,受入,患者 (疾患別),検査実施状況,自宅観察,患者数 (経時),平均日数,最短日数,最長日数,都道府県および市区郡別,詳細,人口統計,患者数 (都道府県別),患者数 (市区郡別),患者数 (年齢別),患者数 (性別別）,患者数 (症状なし),患者数 (症状あり),陽性反応,追跡対象連絡先,受入合計数,患者登録,受入元から現在の状況までの流れ,受入 (経時),新しい状況での日数,公開連絡先数 (患者別),受入 (都道府県別),受入 (市区郡別),/受入合計数,表示件数を増やす,表示件数を減らす,訪問者と訪問の傾向,今日,総訪問数の傾向,訪問数 （状況別）,訪問数 （都道府県別),訪問数 （市区郡別),訪問数,総訪問数,完了訪問数,総訪問者数,ja
*vs 전날,개요,긴급 요청,긴급 요청 상태,노출 접촉자 세부 사항,vs 어제,총 자가 보고,긴급 대응 개요,방문 세부 사항,이번 주,vs 지난 주,요청 상태,노출 접촉 상태,긴급 요청 개요,총 요청,유형별 요청,환자,총 환자,총 노출 접촉,환자 세부 사항,검사 상태,자가 보고 개인,자가 보고 개인 세부 사항,노출 접촉,인테이크 세부 사항,긴급 요청 세부 사항,공중 보건 분석,요청,인테이크,상태별 환자,검사 상태,자택 모니터링,시간에 따른 환자 수,평균 일,최소 일,최대 일,시/도 및 구/군/시별,세부 사항,인구,시/도별 환자,구/군/시별 환자,연령별 환자,성별 환자,무증상 환자,증상 환자,검사 양성,접촉자 추적됨,총 인테이크,환자로 등록,인테이크 소스 플로 - 현재 상태,시간에 따른 인테이크,일 - 새로운 상태,환자별 노출 접촉,시/도별 인테이크,구/군/시별 인테이크,/총 인테이크,자세히 표시,간단히 표시,방문자 및 방문 추세,오늘,총 방문 추세,상태별 방문,시/도별 방문,구/군/시별 방문,방문,총 방문,완료 방문,총 방문자,ko
*ift i går,Oversikt,Nødforespørsler,Status for nødforespørsel,Detaljer om eksponert kontakt,ift i går,Totalt med egenmelding,Oversikt over krisehåndtering,Besøksdetaljer,Denne uken,ift forrige uke,Status for forespørsel,Status for eksponerte kontakter,Oversikt over nødforespørsler,Totalt antall forespørsler,Forespørsler per type,Pasienter,Totalt antall pasienter,Totalt antall eksponerte kontakter,Pasientdetaljer,Teststatus,Egenmeldte personer,Detaljer om personer med egenmelding,Eksponerte kontakter,Innleggelsesdetaljer,Detaljer om nødforespørsel,Public Health Analytics,Forespørsler,Innleggelse,Pasienter fordelt på tilstand,Teststatus,Overvåkes hjemme,Pasienttall over tid,Dager i snitt,Høyeste antall dager,Laveste antall dager,Per delstat og poststed,Detaljer,Demografi,Pasienter fordelt på delstat,Pasienter fordelt på poststed,Pasienter fordelt på alder,Pasienter fordelt på kjønn,Pasienter uten symptomer,Pasienter med symptomer,Testet positivt,Kontakter som er sporet,Totalt antall innleggelser,Registrert som pasient,Flyt fra innleggelseskilde til nåværende status,Innleggelser over tid,Dager med ny status,Eksponerte kontakter per pasient,Innleggelser fordelt på delstat,Innleggelser fordelt på poststed,av totalt antall innleggelser,Vis mer,Vis mindre,Besøker- og besøkstrender,I dag,Trend for totalt antall besøk,Besøk fordelt på status,Besøk fordelt på delstat,Besøk fordelt på poststed,Besøk,Totalt antall besøk,Fullførte besøk,Totalt antall besøkende,no
*comparado a ontem,Visão geral,Solicitações de emergência,Status da solicitação de emergência,Detalhes do contato exposto,vs. ontem,Total de autodeclarados,Visão geral de resposta,Detalhes da visita,Esta semana,vs. semana anterior,Status da solicitação,Status de contatos expostos,Visão geral das solicitações de emergência,Total de solicitações,Solicitações por tipo,Pacientes,Total de pacientes,Total de contatos expostos,Dados do paciente,Status do teste,Indivíduos autorrelatados,Dados do indivíduo autodeclarado,Contatos expostos,Detalhes da internação,Detalhes da solicitação de emergência,Análise de saúde pública,Solicitações,Internação,Pacientes por doença,Status de teste,Monitorado em casa,Contagem de pacientes ao longo do tempo,Média de dias,Mínimo de dias,Máximo de días,Por Estado e cidade,Detalhes,Dados demográficos,Pacientes por estado,Pacientes por cidade,Pacientes por idade,Pacientes por gênero,Pacientes assintomáticos,Pacientes sintomáticos,Com teste positivo,Contatos rastreados,Total de internações,Inscrito como paciente,Fluxo de origem da internação ao status atual,Internação ao longo do tempo,Dias no novo status,Contatos expostos por paciente,Internação por Estado,Internação por cidade,do total de internações,Mostrar mais,Mostrar menos,Tendências de visitas e visitantes,Hoje,Tendência do total de visitas,Visitas por status,Visitas por Estado,Visitas por cidade,Visitas,Total de visitas,Visitas concluídas,Total de visitantes,pt_BR
*против вчера,Общие сведения,Запросы на экстренную помощь,Статус запроса на экстренную помощь,Сведения о выявленном контакте,против вчера,Итого самостоятельно обратившихся,Общие сведения об экстренном реагировании,Сведения о посещении,Текущая неделя,против прошлой недели,Статус запроса,Статус выявленных контактов,Общие сведения о запросах на экстренную помощь,Итого запросов,Запросы по типу,Пациенты,Итого пациентов,Итого выявленных контактов,Сведения о пациенте,Статус тестирования,Самостоятельно обратившиеся лица,Сведения о самостоятельно обратившемся лице,Выявленные контакты,Сведения о получении,Сведения о запросе на экстренную помощь,Public Health Analytics,Запросы,Получение,Пациенты по состоянию,Статус тестирования,Наблюдается дома,Количество пациентов со временем,Среднее количество дней,Минимальное количество дней,Максимальное количество дней,По области и городу,Сведения,Демографические данные,Пациенты по области,Пациенты по городу,Пациенты по возрасту,Пациенты по полу,Пациенты без симптомов,Пациенты с симптомами,Положительный результат,Установленные контакты,Итого получений,Зарегистрирован как пациент,Переход от источника получения к текущему статусу,Получение со временем,Количество дней в новом статусе,Выявленные контакты по пациенту,Получение по области,Получение по городу,от общего количества получений,Показать больше,Показать меньше,Тренды посетителей и посещений,Сегодня,Тренд общего количества посещений,Посещения по статусу,Посещения по области,Посещения по городу,Посещения,Итого посещений,Завершенные посещения,Итого посетителей,ru
*frente a ayer,Visión general,Solicitudes de emergencia,Estado de solicitud de emergencia,Detalles de contacto expuesto,frente a ayer,Total de autodeclarados,Visión general de respuesta ante las emergencias,Detalles de visita,Esta semana,frente a semana pasada,Estado de solicitud,Estado de contactos expuestos,Visión general de solicitudes de emergencia,Total de solicitudes,Solicitudes por tipo,Pacientes,Total de pacientes,Total de contactos expuestos,Detalles de paciente,Estado de prueba,Individuos autodeclarados,Detalles de individuos autodeclarados,Contactos expuestos,Detalles de admisión,Detalles de solicitud de emergencia,Análisis de salud pública,Solicitudes,Admisión,Pacientes por dolencia,Estado de prueba,Monitoreado en domicilio,Conteo de pacientes con el tiempo,Media de días,Mínimo de días,Máximo de días,Por estado/provincia y ciudad,Detalles,Datos demográficos,Pacientes por estado,Pacientes por ciudad,Pacientes por edad,Pacientes por género,Pacientes asintomáticos,Pacientes con síntomas,Con test positivo,Contactos rastreados,Total de admisiones,Inscrito como paciente,Flujo de origen de admisión a estado actual,Admisiones a lo largo del tiempo,Días en nuevo estado,Contactos expuestos por paciente,Admisión por estado,Admisión por ciudad,de total de admisiones,Mostrar más,Mostrar menos,Tendencias de visitantes y visitas,Hoy,Tendencia de total de visitas,Visitas por estado,Visitas por estado/provincia,Visitas por ciudad,Visitas,Total de visitas,Visitas completadas,Total de visitantes,es_MX
*frente a ayer,Visión general,Solicitudes de emergencia,Estado de solicitud de emergencia,Detalles de contacto expuesto,frente a ayer,Total de autodeclarados,Visión general de respuesta ante las emergencias,Detalles de visita,Esta semana,frente a semana pasada,Estado de solicitud,Estado de contactos expuestos,Visión general de solicitudes de emergencia,Total de solicitudes,Solicitudes por tipo,Pacientes,Total de pacientes,Total de contactos expuestos,Detalles de paciente,Estado de prueba,Individuos autodeclarados,Detalles de individuos autodeclarados,Contactos expuestos,Detalles de admisión,Detalles de solicitud de emergencia,Análisis de salud pública,Solicitudes,Admisión,Pacientes por dolencia,Estado de prueba,Supervisado en domicilio,Recuento de pacientes con el tiempo,Media de días,Mínimo de días,Máximo de días,Por estado/provincia y ciudad,Detalles,Datos demográficos,Pacientes por provincia,Pacientes por ciudad,Pacientes por edad,Pacientes por género,Pacientes asintomáticos,Pacientes con síntomas,Con test positivo,Contactos rastreados,Total de admisiones,Inscrito como paciente,Flujo de origen de admisión a estado actual,Admisiones a lo largo del tiempo,Días en nuevo estado,Contactos expuestos por paciente,Admisión por provincia,Admisión por ciudad,de total de admisiones,Mostrar más,Mostrar menos,Tendencias de visitantes y visitas,Hoy,Tendencia de total de visitas,Visitas por estado,Visitas por provincia,Visitas por ciudad,Visitas,Total de visitas,Visitas completadas,Total de visitantes,es
*jämfört med gårdagen,Översikt,Nödbegäranden,Status för nödbegäran,Detaljer om exponerad kontakt,jämfört med igår,Totalt antal självrapporterade,Översikt av nödrespons,Besöksdetaljer,Den här veckan,jämfört med föregående vecka,Status för begäran,Status för exponerade kontakter,Översikt av nödbegäranden,Totalt antal begäranden,Begäranden efter typ,Patienter,Totalt antal patienter,Totalt antal exponerade kontakter,Patientdetaljer,Teststatus,Självrapporterade individer,Detaljer om självrapporterad individ,Exponerade kontakter,Intagningsdetaljer,Detaljer om nödbegäran,Public Health Analytics,Förfrågningar,Intagning,Patienter efter tillstånd,Teststatus,Bevakas hemma,Antal patienter över tid,Genomsnittligt antal dagar,Minsta antal dagar,Högsta antal dagar,Efter område och stad,Detaljer,Demografi,Patienter efter region,Patienter efter ort,Patienter efter ålder,Patienter efter kön,Asymptomatiska patienter,Symptomatiska patienter,Testat positivt,Kontakter spårade,Totalt intag,Registrerad som patient,Flöde för intagskälla till aktuell status,Intag över tid,Dagar med ny status,Exponerade kontakter efter patient,Intag efter region,Intag efter ort,av totalt intag,Visa mer,Visa mindre,Besökare och besökstrender,Idag,Total besökstrend,Besök efter status,Besök efter region,Besök efter ort,Besök,Totalt antal besök,Genomförda besök,Totalt antal besökare,sv
*VS เมื่อวานนี้,ภาพรวม,คำขอฉุกเฉิน,สถานะคำขอฉุกเฉิน,รายละเอียดผู้ติดต่อที่เปิดเผยตัว,เมื่อเทียบกับเมื่อวานนี้,ผู้ที่รายงานตนเองทั้งหมด,ภาพรวมการตอบสนองฉุกเฉิน,รายละเอียดการเข้าตรวจ,สัปดาห์นี้,เมื่อเทียบกับสัปดาห์ที่แล้ว,สถานะการร้องขอ,สถานะของผู้ติดต่อที่เปิดเผยตัว,ภาพรวมคำขอฉุกเฉิน,คำขอทั้งหมด,คำขอตามประเภท,ผู้ป่วย,ผู้ป่วยรวม,ผู้ติดต่อที่เปิดเผยตัวทั้งหมด,รายละเอียดผู้ป่วย,สถานะการทดสอบ,ผู้ที่รายงานตนเอง,รายละเอียดผู้ที่รายงานตนเอง,ผู้ติดต่อที่เปิดเผยตัว,รายละเอียดการรับผู้ป่วย,รายละเอียดคำขอฉุกเฉิน,การวิเคราะห์ทางสาธารณสุข,ร้องขอ,การรับผู้ป่วย,ผู้ป่วยตามเงื่อนไข,สถานะการทดสอบ,สังเกตอาการที่บ้าน,จำนวนผู้ป่วยเมื่อเวลาผ่านไป,จำนวนวันเฉลี่ย,จำนวนวันต่ำสุด,จำนวนวันสูงสุด,ตามรัฐและเมือง,รายละเอียด,สถิติประชากร,ผู้ป่วยตามรัฐ,ผู้ป่วยตามเมือง,ผู้ป่วยตามอายุ,ผู้ป่วยตามเพศ,ผู้ป่วยที่ไร้อาการโรค,ผู้ป่วยที่มีอาการโรค,ผู้ที่ผลทดสอบเป็นบวก,ติดตามผู้ติดต่อแล้ว,การรับผู้ป่วยทั้งหมด,ลงทะเบียนในฐานะผู้ป่วย,กระแสของที่มาของการรับผู้ป่วยในสถานะปัจจุบัน,การรับผู้ป่วยเมื่อเวลาผ่านไป,จำนวนวันในสถานะใหม่,ผู้ติดต่อที่เปิดเผยตัวตามผู้ป่วย,การรับผู้ป่วยตามรัฐ,การรับผู้ป่วยตามเมือง,ของการรับผู้ป่วยทั้งหมด,แสดงอีก,แสดงน้อยลง,ผู้เข้าตรวจและแนวโน้มการเข้าตรวจ,วันนี้,แนวโน้มการเข้าตรวจรวม,การเข้าตรวจตามสถานะ,การเข้าตรวจตามรัฐ,การเข้าตรวจตามเมือง,การเข้าตรวจ,การเข้าตรวจรวม,การเข้าตรวจที่เสร็จสมบูรณ์,ผู้เข้าตรวจทั้งหมด,th
*مقارنة بالأمس,نظرة عامة,طلبات الطوارئ,حالة طلب الطوارئ,تفاصيل المخالط المعرض للإصابة,في مقابل الأمس,إجمالي الذين أبلغوا عن أنفسهم,نظرة عامة عن الاستجابة لحالات الطوارئ,تفاصيل الزيارة,هذا الأسبوع,في مقابل الأسبوع الماضي,حالة الطلب,حالة جهات الاتصال المعروضة,نظرة عامة على طلبات الطوارئ,إجمالي الطلبات,الطلبات حسب النوع,المرضى,إجمالي المرضى,إجمالي المخالطين المعرضين للإصابة,تفاصيل المريض,حالة الفحص,الأفراد الذي أبلغوا عن أنفسهم,تفاصيل الأفراد المبلغين عن أنفسهم,جهات الاتصال المعروضة,تفاصيل الجرعة,تفاصيل طلب الطوارئ,تحليلات الصحة العامة,طلبات,الجرعة,المرضى حسب الحالة المرضية,حالة الفحص,موضوع تحت الملاحظة بالمنزل,عدد المرضى بمرور الوقت,متوسط عدد الأيام,الحد الأدنى لعدد الأيام,الحد الأقصى لعدد الأيام,حسب الولاية والمدينة,التفاصيل,الخصائص السكانية,المرضى حسب الولاية,المرضى حسب المدينة,المرضى حسب الفئة العمرية,المرضى حسب الجنس,المرضى الخاليين من الأعراض,المرضى ذوو الأعرض,نتيجة الاختبار إيجابية,تتبع المخالطين,إجمالي الجرعات,مسجل كمريض,تدفق مصدر الجرعة للحالة الحالية,الجرعة بمرور الوقت,الأيام بالحالة الجديدة,المخالطون المعرضون للإصابة حسب المريض,الجرعة حسب الولاية,الجرعة حسب المدينة,من إجمالي الجرعة,إظهار المزيد,إظهار تفاصيل أقل,الزائر واتجاهات الزيارة,اليوم,إجمالي اتجاهات الزيارات,الزيارات حسب الحالة,الزيارات حسب الولاية,الزيارات حسب المدينة,الزيارات,إجمالي الزيارات,الزيارات المكتملة,إجمالي عدد الزوار,ar
*спрямо вчера,Общ преглед,Спешни заявки,Състояние на спешна заявка,Данни на изложен контакт,спрямо вчера,Общо лица със самостоятелно докладване,Общ преглед на реагиране на спешен случай,Данни за посещение,Тази седмица,спрямо предишната седмица,Състояние на заявката,Състояние „Влезли в контакт лица“,Преглед на спешните заявки,Общо заявки,Заявки по тип,Пациенти,Общо пациенти,Общо изложени контакти,Данни за пациента,Състояние на тестване,Лица със самостоятелно докладване,Данни на лице със самостоятелно докладване,Влезли в контакт лица,Данни за прием,Данни за спешна заявка,Анализ на общественото здраве,Заявки,Прием,Пациенти по състояние,Състояние на тестване,Под наблюдение у дома,Брой на пациентите във времето,Среден брой дни,Минимален брой дни,Максимален брой дни,По щат и град,Данни,Демографски данни,Пациенти по област,Пациенти по град,Пациенти по възраст,Пациенти по пол,Асимптоматични пациенти,Симптоматични пациенти,С положителен тест,Проследени контакти,Общ прием,Записан като пациент,Поток на източника на прием към текущото състояние,Прием с течение на времето,Дни в ново състояние,Изложени контакти по пациент,Прием по област,Прием по град,от общия прием,Показване на повече,Показване на по-малко,Тенденции за посетители и посещения,Днес,Обща тенденция за посещения,Посещения по състояние,Посещения по област,Посещения по град,Посещения,Общо посещения,Завършени посещения,Общо посетители,bg
*vs včera,Přehled,Nouzové požadavky,Stav nouzových požadavků,Podrobnosti o exponovaných kontaktech,vs včera,Celkem samostatně hlášených,Přehled nouzových odpovědí,Podrobnosti o návštěvě,Tento týden,vs poslední týden,Stav žádosti,Stav vystavených kontaktů,Přehled nouzových žádostí,Celkový počet žádostí,Žádosti podle typu,Pacienti,Celkový počet pacientů,Cekový počet vystavených kontaktů,Detaily pacienta,Stav testování,"Osoby, které se nahlásily samy","Detaily osoby, která se nahlásila sama",Vystavené kontakty,Detaily příjmu,Detaily nouzové žádosti,Analýza veřejného zdraví,Žádosti,Příjem,Pacienti podle stavu,Stav testování,Monitorován/a doma,Počet pacientů v průběhu času,Průměrný počet dnů,Minimální počet dnů,Maximální počet dnů,Podle státu a města,Detaily,Demografické údaje,Pacienti podle státu,Pacienti podle města,Pacienti podle věku,Pacienti podle pohlaví,Pacienti bez symptomů,Pacienti se symptomy,Testovaní pozitivně,Sledované kontakty,Celkový příjem,Zařazen/a jako pacient,Tok zdroje příjmu po aktuální stav,Příjem v průběhu času,Dny v novém stavu,Vystavené kontakty podle pacienta,Příjem podle stavu,Příjem podle města,z celkového příjmu,Zobrazit víc,Zobrazit méně,Návštěvník a trendy návštěv,Dnes,Trend celkových návštěv,Návštěvy podle stavu,Návštěvy podle státu,Návštěvy podle města,Návštěvy,Návštěvy celkem,Dokončené návštěvy,Návštěvníci celkem,cs
*σε σχέση με χθες,Επισκόπηση,Αιτήματα έκτακτης ανάγκης,Κατάσταση αιτήματος έκτακτης ανάγκης,Λεπτομέρειες εκτεθειμένης επαφής,έναντι της χθεσινής ημέρας,Σύνολο ίδιων αναφορών,Επισκόπηση αποκρίσεων έκτακτης ανάγκης,Λεπτομέρειες επίσκεψης,Αυτή η εβδομάδα,έναντι της προηγούμενης εβδομάδας,Κατάσταση αιτήματος,Κατάσταση εκτεθειμένων επαφών,Επισκόπηση αιτήσεων έκτακτης ανάγκης,Σύνολο αιτήσεων,Αιτήσεις κατά τύπο,Ασθενείς,Σύνολο ασθενών,Σύνολο εκτεθειμένων επαφών,Λεπτομέρειες ασθενούς,Κατάσταση ελέγχου,Άτομα ίδιας αναφοράς,Λεπτομέρειες ατόμου ίδιας αναφοράς,Εκτεθειμένες επαφές,Λεπτομέρειες εισαγωγής,Λεπτομέρειες αίτησης έκτακτης ανάγκης,Αναλύσεις δημόσιας υγείας,Αιτήσεις,Εισαγωγή,Ασθενείς κατά σύμπτωμα,Κατάσταση ελέγχου,Παρακολούθηση στο σπίτι,Πλήθος ασθενών σε συνάρτηση με τον χρόνο,Μέσος όρος ημερών,Ελάχιστες ημέρες,Μέγιστες ημέρες,Κατά νομό και πόλη,Λεπτομέρειες,Δημογραφικά στοιχεία,Ασθενείς κατά νομό,Ασθενείς κατά πόλη,Ασθενείς κατά ηλικία,Ασθενείς κατά φύλο,Ασυμπτωματικοί ασθενείς,Ασθενείς με συμπτώματα,Θετικό αποτέλεσμα τεστ,Επαφές που ανιχνεύτηκαν,Σύνολο εισαγωγών,Έχει εγγραφεί ως ασθενής,Ροή προέλευσης εισαγωγών στην τρέχουσα κατάσταση,Εισαγωγές ως προς τον χρόνο,Ημέρες σε νέα κατάσταση,Εκτεθειμένες επαφές ανά ασθενή,Εισαγωγή κατά νομό,Εισαγωγή κατά πόλη,των συνολικών εισαγωγών,Εμφάνιση περισσότερων,Εμφάνιση λιγότερων,Τάσεις επισκεπτών και επισκέψεων,Σήμερα,Τάση συνόλου επισκέψεων,Επισκέψεις κατά κατάσταση,Επισκέψεις κατά πόλη,Επισκέψεις κατά πόλη,Επισκέψεις,Σύνολο επισκέψεων,Ολοκληρωμένες επισκέψεις,Σύνολο επισκεπτών,el
*לעומת אתמול,סקירה,בקשות חירום,סטטוס בקשת חירום,פרטי אנשי קשר חשופים,לעומת אתמול,"סה""""כ אנשים בדיווח עצמי",סקירת תגובות חירום,פרטי ביקור,השבוע,לעומת השבוע שעבר,סטטוס בקשה,סטטוס אנשי קשר חשופים,סקירת בקשות חירום,"סה""""כ בקשות",בקשות לפי סוג,מטופלים,"סה""""כ מטופלים","סה""""כ אנשי קשר חשופים",פרטי המטופל,סטטוס בדיקה,אנשים בדיווח עצמי,פרטי אדם בדיווח עצמי,אנשי קשר חשופים,פרטי קליטה,פרטי בקשת חירום,ניתוח בריאות הציבור,בקשות,קליטה,מטופלים לפי מצב,סטטוס בדיקה,מנוטר בבית,ספירת מטופלים לאורך זמן,ימים בממוצע,ימים לכל הפחות,ימים לכל היותר,לפי מדינה ועיר,פרטים,נתונים דמוגרפיים,מטופלים לפי מדינה,מטופלים לפי עיר,מטופלים לפי גיל,מטופלים לפי מין,מטופלים ללא תסמינים,מטופלים עם תסמינים,בדיקה חיובית,אנשי קשר במעקב,קליטה כוללת,נרשם כמטופל,זרימת מקור קליטה למצב נוכחי,קליטה לאורך זמן,ימים במצב החדש,אנשי קשר חשופים לפי מטופל,קליטה לפי מדינה,קליטה לפי עיר,מתוך הקליטה הכוללת,הצג עוד,הצג פחות,מבקרים ומגמות ביקור,היום,"מגמת סה""""כ ביקורים",ביקורים לפי מצב,ביקורים לפי מדינה,ביקורים לפי עיר,ביקורים,"סה""""כ ביקורים",ביקורים שהושלמו,"סה""""כ מבקרים",iw
*tegnappal összevetve,Áttekintés,Vészhelyzeti kérések,Vészhelyzeti kérések állapota,Kitett kontakt adatai,Tegnappal összevetve,Önjelentett összesen,Vészhelyzeti válaszok áttekintése,Látogatási adatok,Ezen a héten,Múlt héttel összevetve,Kérelem állapota,Kitett kapcsolattartók állapota,Vészhelyzeti kérelmek áttekintése,Kérelmek összesen,Kérelmek típus szerint,Betegek,Betegek összesen,Kitett kapcsolattartók összesen,Betegadatok,Tesztelési állapot,Önjelentett egyének,Önjelentett egyén adatai,Kitett kapcsolattartók,Beviteli adatok,Vészhelyzeti kérelmi adatok,Nyilvános egészségügyi elemzési adatok,Kérelmek,Bevitel,Betegek állapot szerint,Tesztelési állapot,Otthoni megfigyelés alatt,Betegek száma az idők folyamán,Napok átlagosan,Napok száma minimum,Napok száma maximum,Állam és város szerint,Részletek,Demográfiai adatok,Betegek állam szerint,Betegek város szerint,Betegek életkor szerint,Betegek nem szerint,Tünetmentes betegek,Tüneteket mutató betegek,Pozitív teszt,Lekövetett kapcsolattartók,Teljes bevitel,Beléptetve betegként,Beviteli forrás áramlása az aktuális állapotig,Bevitel az idők folyamán,Napok száma az új állapotban,Beteg által kitett kapcsolattartók,Bevitel állam szerint,Bevitel város szerint,/ teljes bevitel,Részletek megjelenítése,Részletek elrejtése,Látogatói és látogatási trendek,Ma,Látogatások teljes számának trendje,Látogatások állapot szerint,Látogatások állam szerint,Látogatások város szerint,Látogatások,Látogatások összesen,Befejezett látogatások,Látogatók összesen,hu
*vs Kemarin,Tinjauan,Permintaan Darurat,Status Permintaan Darurat,Detail Kontak yang Terpapar,vs Kemarin,Total yang Melaporkan Diri,Tinjauan Tanggap Darurat,Detail Kunjungan,Minggu Ini,vs Minggu Lalu,Status Permintaan,Status Kontak Terpapar,Tinjauan Permintaan Darurat,Total Permintaan,Permintaan Berdasarkan Jenis,Pasien,Total Pasien,Total Kontak Terpapar,Detail Pasien,Status Pengujian,Individu yang Dilaporkan Secara Mandiri,Detail Individu yang Melaporkan Diri,Kontak yang Terpapar,Detail Masukan,Detail Permintaan Darurat,Analisis Kesehatan Umum,Permintaan,Masukan,Pasien Berdasarkan Kondisi,Status Pengujian,Dipantau di Rumah,Jumlah Pasien dari Waktu ke Waktu,Jumlah Hari Rata-rata,Jumlah Hari Minimum,Jumlah Hari Maksimum,Berdasarkan Negara Bagian dan Kota,Detail,Demografik,Pasien Berdasarkan Provinsi,Pasien Berdasarkan Kota,Pasien Berdasarkan Usia,Pasien Berdasarkan Jenis Kelamin,Pasien Tanpa Gejala,Pasien Bergejala,Hasil Tes Positif,Kontak Telah Dilacak,Total Masukan,Mendaftar Sebagai Pasien,Alur Sumber Masukan ke Status Saat Ini,Masukan Dari Waktu ke Waktu,Jumlah Hari Dalam Kondisi yang Baru,Kontak yang Terpapar Pasien,Masukan Berdasarkan Kondisi,Masukan Berdasarkan Kota,Dari Total Masukan,Tampilkan Lebih Banyak,Tampilkan Lebih Sedikit,Kecenderungan Pengunjung dan Kunjungan,Hari Ini,Total Kecenderungan Kunjungan,Kunjungan Berdasarkan Status,Kunjungan Berdasarkan Provinsi,Kunjungan Berdasarkan Kota,Kunjungan,Total Kunjungan,Kunjungan yang Sudah Selesai,Total Pengunjung,in
*porównując z wczoraj,Przegląd,Wnioski pomocowe,Status wniosków pomocowych,Dane osób z ryzykiem kontaktu,porównując z poprzednim dniem,Łączna liczba zgłaszających się samodzielnie,Przegląd realizacji wniosków pomocowych,Pokaż szczegóły,Ten tydzień,porównując z poprzednim tygodniem,Status wniosku,Status osób z ryzykiem kontaktu,Przegląd wniosków pomocowych,Łączna liczba wniosków,Wnioski wg typu,Pacjenci,Łączna liczba pacjentów,Łączna liczba osób z ryzykiem kontaktu,Dane pacjenta,Status testowania,Osoby zgłaszające się samodzielnie,Dane osoby zgłaszającej się samodzielnie,Osoby z ryzykiem kontaktu,Szczegóły przyjęcia,Szczegóły wniosku pomocowego,Analityka publicznej opieki zdrowotnej,Wnioski,Przyjęcie,Pacjenci wg stanu zdrowia,Status testowania,Monitorowanie domowe,Liczba pacjentów w okresie czasu,Średnia liczba dni,Minimalna liczba dni,Maksymalna liczba dni,Wg miasta i województwa,Dane,Demografia,Pacjenci wg województwa,Pacjenci wg miasta,Pacjenci wg wieku,Pacjenci wg płci,Pacjenci bezobjawowi,Pacjenci z objawami,Z dodatnim wynikiem testu,Odnalezione osoby z ryzykiem kontaktu,Łączna liczba przyjęć,Zarejestrowani jako pacjenci,Przepływ od źródła przyjęcia do stanu bieżącego,Przyjęcia w okresie czasu,Liczba dni nowego statusu,Osoby z ryzykiem kontaktu wg pacjenta,Przyjęcia wg województwa,Przyjęcia wg miasta,z łącznej liczba przyjęć,Pokaż więcej,Pokaż mniej,Trend obejmujący odwiedzających i wizyty,Dzisiaj,Trend obejmujący liczbę wizyt,Wizyty wg statusu,Wizyty wg województwa,Wizyty wg miasta,Wizyty,Łączna liczba wizyt,Ukończone wizyty,Łączna liczba odwiedzających,pl
vs Ontem,Visão geral,Pedidos de emergência,Estado do pedido de emergência,Detalhes do contacto exposto,vs Ontem,Total de autodeclarados,Visão geral de respostas de emergência,Detalhes da visita,Esta semana,vs Semana passada,Estado do pedido,Estado dos contactos expostos,Visão geral dos pedidos de emergência,Total de pedidos,Pedidos por tipo,Pacientes,Total de pacientes,Total de contactos expostos,Detalhes do paciente,Estado de teste,Indivíduos autodeclarados,Detalhes de indivíduos autodeclarados,Contactos expostos,Detalhes de admissão,Detalhes de pedido de emergência,Análise de saúde pública,Pedidos,Admissão,Pacientes por doença,Estado de teste,Monitorizado em casa,Contagem de pacientes ao longo do tempo,Média de dias,Número mínimo de dias,Número máximo de dias,Por estado e cidade,Detalhes,Dados demográficos,Pacientes por estado,Pacientes por cidade,Pacientes por idade,Pacientes por sexo,Pacientes assintomáticos,Pacientes com sintomas,Com teste positivo,Contactos rastreados,Total de admissões,Inscrito como paciente,Fluxo de origem de admissão a estado atual,Admissões ao longo do tempo,Dias no novo estado,Contactos expostos por paciente,Admissão por estado,Admissão por cidade,de total de admissões,Mostrar mais,Mostrar menos,Tendências de visitas e visitantes,Hoje,Tendência de total de visitas,Visitas por estado,Visitas por distrito,Visitas por cidade,Visitas,Total de visitas,Visitas concluídas,Total de visitantes,pt_PT
*față de ieri,Prezentare generală,Solicitări de urgență,Stare solicitare de urgență,Detalii contact expus,față de ieri,Total persoane care s-au prezentat,Prezentare generală reacție în caz de urgență,Detalii vizită,Săptămâna aceasta,față de săptămâna trecută,Stare solicitare,Stare contact cu expunere,Prezentare generală a solicitărilor de urgență,Total solicitări,Solicitări după tip,Pacienți,Total pacienți,Total contacte expuse,Detaliile pacientului,Starea testării,Persoane care s-au prezentat,Detalii despre persoana care s-a prezentat,Contacte cu expunere,Detalii colectate,Detaliile solicitării de urgență,Analize de sănătate publică,Solicitări,Preluare date,Pacienți după afecțiune,Starea testării,Monitorizat la domiciliu,Numărul pacienților în timp,Număr mediu de zile,Număr minim de zile,Număr maxim de zile,Pe state și orașe,Detalii,Date demografice,Pacienți pe state,Pacienți pe localități,Pacienți pe vârste,Pacienți pe sexe,Pacienți asimptomatici,Pacienți simptomatici,Test pozitiv,Contacte urmărite,Total preluare date,Înscris ca pacient,Flux sursă de date până în starea actuală,Preluare date în timp,Zile în starea nouă,Contacte expuse pe pacienți,Preluare date pe state,Preluare date pe localități,din Total preluare date,Afișare mai multe,Afișare mai puține,Tendințe vizitatori și vizite,Astăzi,Tendință număr total de vizite,Vizite pe stări,Vizite pe state,Vizite pe localități,Vizite,Număr total vizite,Vizite terminate,Număt total vizitatori,ro
*v porovnaní so včerajškom,Náhľad,Núdzové požiadavky,Stav núdzovej požiadavky,Podrobnosti o vystavených kontaktoch,oproti včerajšku,Celkový počet samostatne nahlásených,Prehľad reakcií na núdzové situácie,Podrobnosti o návšteve,Tento týždeň,oproti minulému týždňu,Stav žiadosti,Stav vystavených kontaktov,Prehľad núdzových požiadaviek,Celkový počet požiadaviek,Požiadavky podľa typu,Pacienti,Celkový počet pacientov,Celkový počet vystavených kontaktov,Podrobnosti o pacientovi,Stav testovania,Sami nahlásení jednotlivci,Podrobnosti o samostatne nahlásenom jednotlivcovi,Vystavené kontakty,Podrobnosti o prijatí,Podrobnosti o núdzovej požiadavke,Analýzy verejného zdravia,Žiadosti,Príjem,Pacienti podľa stavu,Stav testovania,Monitorovaný doma,Počet pacientov v priebehu času,Priemerný počet dní,Minimálny počet dní,Maximálny počet dní,Štátom a mestom,Podrobnosti,Demografické údaje,Pacienti podľa štátu,Pacienti podľa mesta,Pacienti podľa veku,Pacienti podľa pohlavia,Asymptomatickí pacienti,Symptomatickí pacienti,Pozitívne testovaný,Dohľadané kontakty,Celkový príjem,Zapísaný ako pacient,Tok zdroja príjmu do aktuálneho stavu,Príjem v priebehu času,Počet dní v novom stave,Vystavené kontakty podľa pacienta,Príjem podľa štátu,Príjem podľa mesta,celkového príjmu,Zobraziť viac,Zobraziť menej,Návštevník a trendy návštev,Dnes,Celkový trend návštev,Návštevy podľa stavu,Návštevy podľa štátu,Návštevy podľa mesta,Návštevy,Celkový počet návštev,Dokončené návštevy,Celkový počet návštevníkov,sk
*Düne Göre,Genel Bakış,Acil İstekler,Acil İstek Durumu,Maruz Kalan Kişi Ayrıntıları,Dün ile,Toplam Kendi Kendine Bildirimde Bulunan,Acil Yanıtlarına Genel Bakış,Ziyaret Ayrıntıları,Bu Hafta,Son Hafta ile,İstek Durumu,Maruz Kalan Kişilerin Durumu,Acil İsteklere Genel Bakış,Toplam İstek,Türe Göre İstekler,Hastalar,Toplam Hasta,Toplam Maruz Kalmış Kişi,Hasta Detayları,Test Durumu,Kendisini Bildiren Bireyler,Kendi Kendine Bildirimde Bulunan Kişi Detayları,Maruz Kalan Kişiler,Giriş Detayları,Acil İstek Detayları,Kamu Sağlığı Analizleri,İstekler,Giriş,Rahatsızlığa Göre Hastalar,Test Durumu,Evde Takip,Zaman İçerisinde Hasta Sayısı,Ortalama Gün,Minimum Gün,Maksimum Gün,Eyalete ve Şehre Göre,Detaylar,Demografi,Eyalete Göre Hastalar,Şehre Göre Hastalar,Yaşa Göre Hastalar,Cinsiyete Göre Hastalar,Belirti Göstermeyen Hastalar,Belirti Gösteren Hastalar,Pozitif Test Sonucu,İzlenen Temaslar,Toplam Giriş,Hasta Olarak Kaydedildi,Giriş Kaynağı Akışından Mevcut Duruma,Zaman İçinde Giriş,Yeni Durumdaki Gün,Hastaya Göre Maruz Kalan Kişi,Eyalete Göre Giriş,Şehre Göre Giriş,Toplam Giriş İçinden Oran,Daha Fazlasını Göster,Daha Azını Göster,Ziyaretçi ve Ziyaret Eğilimleri,Bugün,Toplam Ziyaretler Eğilimi,Duruma Göre Ziyaretler,Eyalete Göre Ziyaretler,Şehre Göre Ziyaretler,Ziyaretler,Toplam Ziyaret,Tamamlanan Ziyaretler,Toplam Ziyaretçi,tr
*порівняно з учора,Огляд,Невідкладні запити,Статус невідкладного запиту,Відомості про відкритий контакт,порівняно з учорашнім днем,Всього самостійно з'явилося,Огляд дій у надзвичайній ситуації,Відомості про візит,Цей тиждень,порівняно з минулим тижнем,Статус запиту,Статус відкритих контактів,Огляд невідкладного запиту,Всього запитів,Запити за типом,Пацієнти,Всього пацієнтів,Всього відкритих контактів,Відомості про пацієнта,Статус тестування,"Особи, які самостійно з'явилися","Відомості про особу, яка самостійно з'явилася",Відкриті контакти,Відомості про прийом,Відомості про невідкладний запит,Аналітика охорони здоров'я,Запити,Прийом,Пацієнти за станом,Статус тестування,Під наглядом удома,Кількість пацієнтів у часовому проміжку,Середня кількість днів,Мінімальна кількість днів,Максимальна кількість днів,За областю і містом,Відомості,Демографія,Пацієнти за країною,Пацієнти за містом,Пацієнти за віком,Пацієнти за статтю,Пацієнти без симптомів,Пацієнти з симтомами,Тестовані позитивно,Відстежені контакти,Загальний прийом,Зареєстровані пацієнтами,Потік статусу прийому до поточного статусу,Прийом у часовому проміжку,Дні в новому статусі,Відкриті контакти за пацієнтом,Прийом за областю,Прийом за містом,загального прийому,Показати більше,Показати менше,Відвідувач і тенденції візитів,Сьогодні,Загальна тенденція візитів,Візити за статусом,Візити за областю,Візити за містом,Візити,Всього візитів,Завершені візити,Всього відвідувачів,uk
*So Với Hôm Qua,Tổng Quan,Yêu Cầu Khẩn Cấp,Trạng Thái Yêu Cầu Khẩn Cấp,Chi Tiết Liên Hệ Tiếp Xúc,So Với Hôm Qua,Tổng Số Tự Báo Cáo,Tổng Quan Về Ứng Phó Khẩn Cấp,Chi Tiết Chuyến Thăm,Tuần Này,So Với Tuần Trước,Trạng Thái Yêu Cầu,Tình Trạng Của Liên Hệ Tiếp Xúc,Tổng Quan Về Yêu Cầu Khẩn Cấp,Tổng Số Yêu Cầu,Yêu cầu theo Loại,Bệnh Nhân,Tổng Số Bệnh Nhân,Tổng Số Liên Hệ Tiếp Xúc,Chi Tiết Bệnh Nhân,Trạng Thái Xét Nghiệm,Cá Nhân Tự Báo Cáo,Chi Tiết Cá Nhân Tự Báo Cáo,Liên Hệ Tiếp Xúc,Chi Tiết Tiếp Nhận,Chi Tiết Yêu Cầu Khẩn Cấp,Phân Tích Y Tế Công Cộng,Yêu Cầu,Tiếp Nhận,Số Bệnh Nhân theo Tình Trạng,Trạng Thái Xét Nghiệm,Được Theo Dõi tại Nhà,Số Lượng Bệnh Nhân Theo Thời Gian,Số Ngày Trung Bình,Số Ngày Tối Thiểu,Số Ngày Tối Đa,Theo Tiểu Bang và Thành Phố,Chi Tiết,Nhân Khẩu Học,Số Bệnh Nhân theo Tiểu Bang,Số Bệnh Nhân theo Thành Phố,Số Bệnh nhân theo Tuổi,Số Bệnh Nhân theo Giới Tính,Bệnh Nhân Không Có Triệu Chứng,Bệnh Nhân Có Triệu Chứng,Xét Nghiệm Dương Tính,Liên Hệ Được Theo Dõi,Tổng Số Tiếp Nhận,Đăng Ký là Bệnh Nhân,Luồng Nguồn Tiếp Nhận đến Trạng Thái Hiện Tại,Tiếp Nhận Theo Thời Gian,Số Ngày trong Trạng Thái Mới,Liên Hệ Tiếp Xúc theo Bệnh Nhân,Tiếp Nhận theo Tiểu Bang,Tiếp Nhận theo Thành Phố,trong Tổng Số Tiếp Nhận,Hiển Thị Thêm,Hiển Thị Ít Hơn,Khách Truy Cập và Xu Hướng Truy Cập,Hôm Nay,Tổng Số Xu Hướng Truy Cập,Số Lượt Truy Cập theo Trạng Thái,Số Lượt Truy Cập theo Tiểu Bang,Số Lượt Truy Cập theo Thành Phố,Số Lượt Truy Cập,Tổng Số Lượt Truy Cập,Số Lượt Truy Cập Đã Hoàn Tất,Tổng Số Khách Truy Cập,vi
*u odnosu na jučer,Pregled,Hitni zahtjevi,Status hitnog zahtjeva,Detalji o izloženom kontaktu,u odnosu na jučer,Ukupno samoprijavljenih,Pregled odgovora na hitni slučaj,Detalji o posjetu,Ovaj tjedan,u odnosu na prošli tjedan,Status zahtjeva,Status izloženih kontakata,Pregled hitnih zahtjeva,Ukupno zahtjeva,Zahtjevi po vrsti,Pacijenti,Ukupno pacijenata,Ukupno izloženih kontakata,Detalji o pacijentu,Status testiranja,Samoprijavljene osobe,Detalji o samoprijavljenoj osobi,Izloženi kontakti,Detalji o unosu,Detalji o hitnom zahtjevu,Analiza javnog zdravlja,Zahtjevi,Unos,Pacijenti po bolestima,Status testiranja,Nadzirano kod kuće,Brij pacijenata tijekom vremena,Prosječno dana,Minimalno dana,Maksimalno dana,Po državi i gradu,Detalji,Demografski podaci,Pacijenti po državi,Pacijenti po gradu,Pacijenti po dobi,Pacijenti po spolu,Pacijenti bez simptoma,Pacijenti sa simptomima,Pozitivan rezultat testa,Pronađeni kontakti,Ukupan unos,Sudjeluje kao pacijent,Tijek izvora unosa za trenutačni status,Unos tijekom vremena,Dani u novom statusu,Izloženi kontakti po pacijentu,Unos po državi,Unos po gradu,ukupnog unosa,Prikaži više,Prikaži manje,Posjetitelj i trendovi posjeta,Danas,Trend ukupnih posjeta,Posjeti po statusu,Posjeti po državi,Posjeti po gradu,Posjeti,Ukupno posjeta,Dovršeni posjeti,Ukupno posjetitelja,hr
*v primerjavi z včeraj,Pregled,Nujne zahteve za obravnavo,Status nujne zahteve za obravnavo,Podrobnosti o izpostavljenem stiku,v primerjavi z včeraj,Skupno število samoprijavljenih,Pregled odzivnosti v nujnih primerih,Glej podrobnosti,Ta teden,v primerjavi s prejšnjim tednom,Stanje zahteve,Stanje izpostavljenih stikov,Pregled nujnih zahtev,Skupno število zahtev,Zahteve po vrsti,Bolniki,Skupno število bolnikov,Skupno število izpostavljenih stikov,Podrobnosti bolnika,Stanje testiranja,"Posamezniki, ki so se prijavili sami","Podrobnosti posameznika, ki se je prijavil sam",Izpostavljeni stiki,Podrobnosti sprejema,Podrobnosti nujne zahteve,Analitika javnega zdravstvenega varstva,Zahteve,Sprejem,Bolniki po bolezni,Stanje testiranja,Nadzor doma,Število bolnikov v obdobju,Povprečno število dni,Najmanj dni,Največ dni,Po zvezni državi in mestu,Podrobnosti,Demografski podatki,Bolniki po državi,Bolniki po kraju,Bolniki po starosti,Bolniki po spolu,Asimptomatski bolniki,Simptomatski bolniki,Pozitiven test,Spremljani stiki,Skupno število sprejemov,Vpisan kot bolnik,Tok vira sprejema do trenutnega stanja,Sprejem v obdobju,Dnevi v novem stanju,Izpostavljeni stiki po bolniku,Sprejem po državi,Sprejem po kraju,od skupnega števila sprejemov,Pokaži več,Pokaži manj,Trendi obiskovalcev in obiskov,Danes,Trend skupnega števila obiskov,Obiski po stanju,Obiski po državi,Obiski po kraju,Obiski,Skupno število obiskov,Zaključeni obiski,Skupno število obiskovalcev,sl
*vs Yesterday,Overview,Emergency Requests,Emergency Request Status,Exposed Contact Details,vs Yesterday,Total Self-Reported,Emergency Response Overview,Visit Details,This Week,vs Last Week,Request Status,Exposed Contacts Status,Emergency Requests Overview,Total Requests,Requests by Type,Patients,Total Patients,Total Exposed Contacts,Patient Details,Testing Status,Self-Reported Individuals,Self-Reported Individual Details,Exposed Contacts,Intake Details,Emergency Request Details,Public Health Analytics,Requests,Intake,Patients by Condition,Testing Status,Monitored at Home,Patient Count Over Time,Average Days,Minimum Days,Maximum Days,By Province and City,Details,Demographics,Patients by State,Patients by City,Patients by Age,Patients by Gender,Asymptomatic Patients,Symptomatic Patients,Tested Positive,Contacts Traced,Total Intake,Enrolled as Patient,Flow of Intake Source to Current Status,Intake Over Time,Days in New Status,Exposed Contacts by Patient,Intake by State,Intake by City,of Total Intake,Show More,Show Less,Visitor and Visit Trends,Today,Total Visits Trend,Visits by Status,Visits by State,Visits by City,Visits,Total Visits,Completed Visits,Total Visitors,en_GB
