CreatedDate,Id,Name
2023-11-07T15:01:48.000Z,19pHr000000CeuFIAS,Government of the Future
2023-11-07T15:01:48.000Z,19pHr000000CeuGIAS,Department of Public Health
2023-11-07T15:01:48.000Z,19pHr000000CeuHIAS,Department of Building Inspection
2023-11-07T15:01:48.000Z,19pHr000000CeuIIAS,Environmental Services
2023-11-07T15:01:48.000Z,19pHr000000CeuJIAS,"Bureau of Alcohol, Tobacco, Firearms, and Explosives"
2023-11-07T15:01:48.000Z,19pHr000000CeuKIAS,Department of Buildings
2023-11-07T15:01:48.000Z,19pHr000000CeuLIAS,Board of Barbering & Cosmetology
2023-11-07T15:01:48.000Z,19pHr000000CeuMIAS,Maine DEP
2023-11-07T15:01:48.000Z,19pHr000000CeuNIAS,County Building Code
2023-11-07T15:01:48.000Z,19pHr000000CeuOIAS,Office of Cannabis Management
2023-11-07T15:01:48.000Z,19pHr000000CeuPIAS,Lottery
2023-11-07T15:01:48.000Z,19pHr000000CeuQIAS,Government of the Future Police Department
2023-11-07T15:01:48.000Z,19pHr000000CeuRIAS,Board of Medicine
2023-11-07T15:01:48.000Z,19pHr000000CeuSIAS,Board of Nursing
2023-11-07T15:01:48.000Z,19pHr000000CeuTIAS,California Department of Public Health
2023-11-07T15:01:48.000Z,19pHr000000CeuUIAS,Department of Motor Vehicles
2023-11-07T15:01:48.000Z,19pHr000000CeuVIAS,Municipal Transit Authority
2023-11-07T15:01:48.000Z,19pHr000000CeuWIAS,Department of Environmental Health
2023-11-07T15:01:48.000Z,19pHr000000CeuXIAS,Fire Department
2023-11-07T15:01:48.000Z,19pHr000000CeuYIAS,Municipal Planning Department
